,Faculty of Medicine,Faculty of Applied Science,Faculty of Science,Faculty of Arts,Not UBC
Tim H. Murphy,Tim H. Murphy,,,,
Annie Vogel Ciernia,,,Annie Vogel Ciernia,,
Brian MacVicar,Brian MacVicar,,,,
Fidel Vila-Rodriguez,Fidel Vila-Rodriguez,,,,
Shernaz Bamji,Shernaz Bamji,,,,
Lara Boyd,Lara Boyd,,,,
Paul Pavlidis,Paul Pavlidis,,,,
Martin J. McKeown,Martin J. McKeown,,,,
A Jon Stoessl OR jon Stoessl,A Jon Stoessl OR jon Stoessl,,,,
Peter Cripton,,Peter Cripton,,,
Jason S. Snyder,,,,Jason S. Snyder,
Wolfram Tetzlaff,,,Wolfram Tetzlaff,,
Anthony Phillips,Anthony Phillips,,,,
Catharine A. Winstanley,,,,Catharine A. Winstanley,
Yu Tian Wang,Yu Tian Wang,,,,
Jeremy K Seamans,Jeremy K Seamans,,,,
Snutch,,,Snutch,,
Ian Mackenzie,Ian Mackenzie,,,,
Lynn A Raymond,Lynn A Raymond,,,,
Kurt Haas,Kurt Haas,,,,
Mark S. Cembrowski,Mark S. Cembrowski,,,,
Fabio MV Rossi,,Fabio MV Rossi,,,
A. Jane Roskams,,,A. Jane Roskams,,
Rankin Catharine H,,,,Rankin Catharine H,
Michael Gordon,,,Michael Gordon,,
Leonid Sigal,,,Leonid Sigal,,
Z. Jane Wang,,Z. Jane Wang,,,
Peyman Servati,,Peyman Servati,,,
Liisa Galea,,,,Liisa Galea,
Sophia Frangou,Sophia Frangou,,,,
Silke Appel-Cresswell,Silke Appel-Cresswell,,,,
Helge Rhodin,,,Helge Rhodin,,
Manu S Madhav,,Manu S Madhav,,,
Brian D. Fisher,,,,,Brian D. Fisher
Leigh Anne Swayne,,,,,Leigh Anne Swayne
Craig E. Brown,,,,,Craig E. Brown
Adrienne Fairhall,,,,,Adrienne Fairhall
Eric Shea-Brown,,,,,Eric Shea-Brown
Emily Sylwestrak,,,,,Emily Sylwestrak
Andy Y. Shih,,,,,Andy Y. Shih
Todd S. Woodward,Todd S. Woodward,,,,
Jeffrey LeDue,Jeffrey LeDue,,,,
Ilker Hacihaliloglu,Ilker Hacihaliloglu,,,,
Anthony Randal McIntosh,,,,,Anthony Randal McIntosh
Purang Abolmaesumi,,Purang Abolmaesumi,,,
Vesna Sossi,,,Vesna Sossi,,